{
"candid": 1000020, 
"alertId": 0, 
"candidate": {
	"jd": 58094.11093749959, "magpsf": 20.786268906870195, "candid": 1000020, "programpi": "Kulkarni", "fid": 641
}, 
"prv_candidates": [
	{"jd": 58052.11718749956, "magpsf": 21.595161397095065, "candid": 1000005, "programpi": "Kulkarni", "fid": 641}, 
	{"jd": 58049.12083333288, "magpsf": 23.00805766234931, "candid": 1000004, "programpi": "Kulkarni", "fid": 641}, 	
	{"jd": 58037.11874999956, "magpsf": 23.856793629352122, "candid": 1000000, "programpi": "Kulkarni", "fid": 641}
]
}
